{
    "variants": {
        "facing=up": { "model": "cocricotmod:awning_white_plate" },
        "facing=down": { "model": "cocricotmod:awning_white_plate", "x": 180 },
        "facing=east": { "model": "cocricotmod:awning_white_plate", "y": 90, "x": 90, "uvlock": true },
        "facing=south": { "model": "cocricotmod:awning_white_plate", "y": 180, "x": 90, "uvlock": true },
        "facing=west": { "model": "cocricotmod:awning_white_plate", "y": 270, "x": 90, "uvlock": true },
        "facing=north": { "model": "cocricotmod:awning_white_plate", "y": 0, "x": 90, "uvlock": true }
    }
}
