{
    "variants": {
        "double=true,facing=south": { "model": "cocricotmod:box_hardpulp_black_double", "y": 180 },
        "double=true,facing=west": { "model": "cocricotmod:box_hardpulp_black_double", "y": 270 },
        "double=true,facing=north": { "model": "cocricotmod:box_hardpulp_black_double" },
        "double=true,facing=east": { "model": "cocricotmod:box_hardpulp_black_double", "y": 90 },
        "double=false,facing=south": { "model": "cocricotmod:box_hardpulp_black", "y": 180 },
        "double=false,facing=west": { "model": "cocricotmod:box_hardpulp_black", "y": 270 },
        "double=false,facing=north": { "model": "cocricotmod:box_hardpulp_black" },
        "double=false,facing=east": { "model": "cocricotmod:box_hardpulp_black", "y": 90 }
    }
}
